Item Number,Designator,Package,Unit Quantity,Description,Manufacturer Part Number
1,"C1, C10",C_0402_1005Metric,2,1uF,CL05A105KO5NNNC
2,"C2, C3, C4, C5, C6, C7, C8, C9, C11, C12, C17",C_0402_1005Metric,11,0.1uF,CL05B104KO5NNNC
3,"C13, C14",C_0603_1608Metric,2,10uF,CL10A106KP8NNNC
4,"C15, C16",C_0603_1608Metric,2,33pF,CL10C330JB8NNNC
5,J1,USB_C_Receptacle_HRO_TYPE-C-31-M-12,1,USB_C_Receptacle_USB2.0_14P,TYPE-C-31-M-12
6,"J2, J3",PinHeader_1x20_P2.54mm_Vertical,2,Conn_01x20,61302011121
7,J4,PinHeader_1x03_P2.54mm_Vertical,1,Conn_01x03,61300311121
8,"R1, R2",R_0402_1005Metric,2,5.1K,RC0402JR-075K1L
9,"R3, R4",R_0402_1005Metric,2,27,RC0402JR-0727RL
10,"R5, R7",R_0402_1005Metric,2,1K,RC0402JR-071KL
11,R6,R_0402_1005Metric,1,10K,RC0402JR-0710KL
12,SW1,SW_Push_SPST_NO_Alps_SKRK,1,SW_Push,PTS645SM43SMTR92LFS
13,U1,QFN-56-1EP_7x7mm_P0.4mm_EP3.2x3.2mm,1,RP2040,RP2040
14,U2,SOT-23,1,MCP1700x-330xxTT,MCP1700T-3302E/TT
15,U3,Winbond_USON-8-1EP_3x2mm_P0.5mm_EP0.2x1.6mm,1,W25Q16JVZPIQ,W25Q16JVZPIQ
16,Y1,Crystal_SMD_3225-4Pin_3.2x2.5mm,1,12 MHz,ABM8G-12.000MHZ-18-D2Y-T