Designator,Val,Package,Mid X,Mid Y,Rotation,Layer
C1,1uF,C_0402_1005Metric,124.839411,-80,45,top
C2,0.1uF,C_0402_1005Metric,120.8,-90.52,-90,top
C3,0.1uF,C_0402_1005Metric,114,-86.1,180,top
C4,0.1uF,C_0402_1005Metric,114.48,-81.47,180,top
C5,0.1uF,C_0402_1005Metric,123.3,-79.9,90,top
C6,0.1uF,C_0402_1005Metric,120,-76,90,top
C7,0.1uF,C_0402_1005Metric,121,-76,90,top
C8,0.1uF,C_0402_1005Metric,124.5,-81.5,0,top
C9,0.1uF,C_0402_1005Metric,125.52,-86.3,0,top
C10,1uF,C_0402_1005Metric,119,-76,90,top
C11,0.1uF,C_0402_1005Metric,122.3,-79.85,90,top
C12,0.1uF,C_0402_1005Metric,122.9,-90.7,-90,top
C13,10uF,C_0603_1608Metric,117,-71,180,top
C14,10uF,C_0603_1608Metric,116,-65,180,top
C15,33pF,C_0603_1608Metric,117,-93.42,-90,top
C16,33pF,C_0603_1608Metric,122.8,-93.97,90,top
C17,0.1uF,C_0402_1005Metric,117,-75,180,top
J1,USB_C_Receptacle_USB2.0_14P,USB_C_Receptacle_HRO_TYPE-C-31-M-12,119.5,-57.955,180,top
J2,Conn_01x20,PinHeader_1x20_P2.54mm_Vertical,110.61,-56.87,0,top
J3,Conn_01x20,PinHeader_1x20_P2.54mm_Vertical,128.39,-56.87,0,top
J4,Conn_01x03,PinHeader_1x03_P2.54mm_Vertical,117.3,-104.79,90,top
R1,5.1K,R_0402_1005Metric,118.5,-64.5,-90,top
R2,5.1K,R_0402_1005Metric,121,-64.5,-90,top
R3,27,R_0402_1005Metric,121.3,-79.49,-90,top
R4,27,R_0402_1005Metric,120.2,-79.49,-90,top
R5,1K,R_0402_1005Metric,119.3,-90.92,180,top
R6,10K,R_0402_1005Metric,114.49,-75,180,top
R7,1K,R_0402_1005Metric,117,-73,180,top
SW1,SW_Push,SW_Push_SPST_NO_Alps_SKRK,123,-69.1,90,top
U1,RP2040,QFN-56-1EP_7x7mm_P0.4mm_EP3.2x3.2mm,119.5,-85,0,top
U2,MCP1700x-330xxTT,SOT-23,117,-68,90,top
U3,W25Q16JVZPIQ,Winbond_USON-8-1EP_3x2mm_P0.5mm_EP0.2x1.6mm,116,-77.25,0,top
Y1,12 MHz,Crystal_SMD_3225-4Pin_3.2x2.5mm,119.9,-93.27,180,top